{
  "git_push": 1773924853.0799496,
  "email": 1773925017.3317852,
  "self_improve": 1773924917.3747246,
  "memory_review": 1773924738.5547154,
  "fabric_news": 1773924809.2858317,
  "x_check": 1773924823.4572995,
  "heartbeat": 1773925070.1424243,
  "research": 1773924978.6840117,
  "journal": 1773925030.6341524,
  "expand_tasks": 1773925043.9724717,
  "claude_updates": 1773925057.3847668,
  "deadlines_check": 1773925111.2352962,
  "todoist_review": 1773925124.956405,
  "reddit": 1773924636.1700282
}