{
  "git_push": 1774275969.1330965,
  "email": 1774428694.4871397,
  "self_improve": 1774256360.5567544,
  "memory_review": 1774347921.0054498,
  "fabric_news": 1774428258.9426455,
  "x_check": 1774428708.9553957,
  "heartbeat": 1774252525.5140984,
  "research": 1774347950.4360049,
  "journal": 1774536440.9033716,
  "expand_tasks": 1774428155.7569036,
  "claude_updates": 1774347855.8351703,
  "deadlines_check": 1774252378.3383474,
  "todoist_review": 1774275871.5242674,
  "reddit": 1774011265.5067034,
  "weekend_builds_review": 1774256323.681988,
  "word_of_day": 1773925736.1467767,
  "dax_patterns": 1774252325.763837,
  "terminal_status": 1774259702.604623,
  "mood_log": 1774428279.5490892,
  "open_source_tools": 1774256237.5793839,
  "verify_health": 1774428525.0148423,
  "clementine_review": 1774428335.6974607
}