{
  "git_push": 1773925300.1506786,
  "email": 1773925430.1458972,
  "self_improve": 1773925330.474773,
  "memory_review": 1773925233.6995327,
  "fabric_news": 1773925255.6335337,
  "x_check": 1773925285.9638972,
  "heartbeat": 1773925070.1424243,
  "research": 1773925394.9519196,
  "journal": 1773925444.0521557,
  "expand_tasks": 1773925043.9724717,
  "claude_updates": 1773925057.3847668,
  "deadlines_check": 1773925111.2352962,
  "todoist_review": 1773925124.956405,
  "reddit": 1773925177.7049756
}