{
  "git_push": 1776239464.6018212,
  "email": 1776166363.0998566,
  "self_improve": 1776166750.8416293,
  "memory_review": 1776167128.2165525,
  "fabric_news": 1776156543.2161155,
  "x_check": 1776239627.318335,
  "heartbeat": 1776239276.2114372,
  "research": 1776238655.3220608,
  "journal": 1776167739.9124618,
  "expand_tasks": 1774947828.9281673,
  "claude_updates": 1776238899.8467243,
  "deadlines_check": 1775046513.7780683,
  "todoist_review": 1776166057.6540694,
  "reddit": 1776239913.405905,
  "weekend_builds_review": 1776166880.2510822,
  "word_of_day": 1776157285.6371682,
  "dax_patterns": 1776158178.3521733,
  "terminal_status": 1776158940.5428278,
  "mood_log": 1776156479.874462,
  "open_source_tools": 1776158472.1922371,
  "verify_health": 1776159813.182598,
  "clementine_review": 1776166288.4840262,
  "heartbeat_log_trim": 1776158695.902792,
  "memory_consolidation": 1776158584.086195,
  "clementine_quickwins": 1776156677.041998,
  "completion_gate": 1776157514.9579668,
  "task_feedback": 1776238720.399286,
  "self_queue": 1776165196.8708656
}