{
  "git_push": 1773924853.0799496,
  "email": 1773922817.7539222,
  "self_improve": 1773922745.5616405,
  "memory_review": 1773924738.5547154,
  "fabric_news": 1773924809.2858317,
  "x_check": 1773924823.4572995,
  "heartbeat": 1773924537.7728324,
  "research": 1773922762.802043,
  "journal": 1773922968.7942033,
  "expand_tasks": 1773923038.2124088,
  "claude_updates": 1773923068.174472,
  "deadlines_check": 1773924552.139151,
  "todoist_review": 1773924614.6383016,
  "reddit": 1773924636.1700282
}