{
  "git_push": 1773925300.1506786,
  "email": 1773925430.1458972,
  "self_improve": 1773925330.474773,
  "memory_review": 1773925917.7144425,
  "fabric_news": 1773925255.6335337,
  "x_check": 1773925285.9638972,
  "heartbeat": 1773925844.3256905,
  "research": 1773925394.9519196,
  "journal": 1773925444.0521557,
  "expand_tasks": 1773925588.4426322,
  "claude_updates": 1773925800.4291945,
  "deadlines_check": 1773925858.284882,
  "todoist_review": 1773925877.7196965,
  "reddit": 1773925898.5605695,
  "weekend_builds_review": 1773925611.630753,
  "word_of_day": 1773925736.1467767,
  "dax_patterns": 1773925749.6396234
}