{
  "git_push": 1774947378.3970704,
  "email": 1774428694.4871397,
  "self_improve": 1774256360.5567544,
  "memory_review": 1774347921.0054498,
  "fabric_news": 1774942301.1363626,
  "x_check": 1774428708.9553957,
  "heartbeat": 1774947363.3965795,
  "research": 1774942467.0358386,
  "journal": 1774941823.837417,
  "expand_tasks": 1774428155.7569036,
  "claude_updates": 1774941882.5424404,
  "deadlines_check": 1774941726.5551496,
  "todoist_review": 1774942009.3612866,
  "reddit": 1774947269.6673508,
  "weekend_builds_review": 1774941956.6061852,
  "word_of_day": 1774942382.2442172,
  "dax_patterns": 1774942403.4508793,
  "terminal_status": 1774942345.0959682,
  "mood_log": 1774942026.343808,
  "open_source_tools": 1774942221.1590474,
  "verify_health": 1774947282.8034842,
  "clementine_review": 1774428335.6974607
}