{
  "git_push": 1774948575.797397,
  "email": 1774947781.9825437,
  "self_improve": 1775031862.1141882,
  "memory_review": 1775031740.107772,
  "fabric_news": 1775031641.6136982,
  "x_check": 1775031510.9055479,
  "heartbeat": 1775031995.692846,
  "research": 1775032012.24269,
  "journal": 1775046482.2390823,
  "expand_tasks": 1774947828.9281673,
  "claude_updates": 1775030657.416092,
  "deadlines_check": 1775046513.7780683,
  "todoist_review": 1775031946.7147865,
  "reddit": 1775046604.329208,
  "weekend_builds_review": 1775030723.771554,
  "word_of_day": 1774948399.6249027,
  "dax_patterns": 1774948422.3864334,
  "terminal_status": 1775031837.2817805,
  "mood_log": 1775046532.4452095,
  "open_source_tools": 1775046422.6675322,
  "verify_health": 1775045648.0605323,
  "clementine_review": 1774947665.268104,
  "heartbeat_log_trim": 1775046587.351764,
  "memory_consolidation": 1775046165.0163653,
  "clementine_quickwins": 1775046714.4148986,
  "completion_gate": 1775045874.3884208
}