{
  "git_push": 1774948575.797397,
  "email": 1774947781.9825437,
  "self_improve": 1774947595.9249682,
  "memory_review": 1774947733.943805,
  "fabric_news": 1774948332.667946,
  "x_check": 1774947574.2548976,
  "heartbeat": 1774948551.056466,
  "research": 1774948461.2628746,
  "journal": 1774948076.7507463,
  "expand_tasks": 1774947828.9281673,
  "claude_updates": 1774948118.780533,
  "deadlines_check": 1774948054.4173765,
  "todoist_review": 1774948211.0495427,
  "reddit": 1774948500.778844,
  "weekend_builds_review": 1774948179.9445767,
  "word_of_day": 1774948399.6249027,
  "dax_patterns": 1774948422.3864334,
  "terminal_status": 1774948376.9598036,
  "mood_log": 1774948238.4782896,
  "open_source_tools": 1774948293.7781572,
  "verify_health": 1774948514.774495,
  "clementine_review": 1774947665.268104,
  "heartbeat_log_trim": 1774947501.2897265,
  "memory_consolidation": 1774947857.30086,
  "clementine_quickwins": 1774947938.1386075
}